iterations,training scores,test scores
1,0.8475454545454545,0.8319
2,0.8560181818181818,0.8373
