iterations,training scores,test scores
1,0.8122181818181818,0.7952
2,0.7845272727272727,0.7684
